Workbook

Sheet Janvier
A1: CHIFFRE D'AFFAIRES RÉGION OUEST
A4: JANVIER 2012
B7: Ville | C7: Hi-fi | D7: Vidéo | E7: Micro | F7: TOTAL | G7: Moyenne du CA | H7: Répartition du CA | I7: Objectif | J7: Commission
A8: Beaudu Sophie | B8: NANTES | C8: 7500 | D8: 18400 | E8: 41260 | F8: =SUM(C8:E8) -> 67160 | G8: =AVERAGE(C8:F8) -> 33580 | H8: =F8/$F$20 -> 0.075233452 | I8: =IF(F8>=100000,"Objectif atteint","Objectif non atteint") -> Objectif non atteint | J8: =IF(F8<=100000,F8*0.5%,F8*1%) -> 335.8
A9: Dupré Dominique | B9: ANGERS | C9: 8000 | D9: 10300 | E9: 12890 | F9: =SUM(C9:E9) -> 31190 | G9: =AVERAGE(C9:F9) -> 15595 | H9: =F9/$F$20 -> 0.034939419 | I9: =IF(F9>=100000,"Objectif atteint","Objectif non atteint") -> Objectif non atteint | J9: =IF(F9<=100000,F9*0.5%,F9*1%) -> 155.95
A10: Guy Corinne | B10: RENNES | C10: 12000 | D10: 9800 | E10: 46890 | F10: =SUM(C10:E10) -> 68690 | G10: =AVERAGE(C10:F10) -> 34345 | H10: =F10/$F$20 -> 0.076947377 | I10: =IF(F10>=100000,"Objectif atteint","Objectif non atteint") -> Objectif non atteint | J10: =IF(F10<=100000,F10*0.5%,F10*1%) -> 343.45
A11: Martinet Antoine | B11: NANTES | C11: 12000 | D11: 45000 | E11: 56230 | F11: =SUM(C11:E11) -> 113230 | G11: =AVERAGE(C11:F11) -> 56615 | H11: =F11/$F$20 -> 0.12684163 | I11: =IF(F11>=100000,"Objectif atteint","Objectif non atteint") -> Objectif atteint | J11: =IF(F11<=100000,F11*0.5%,F11*1%) -> 1132.3
A12: Huchet Nicolas | B12: NANTES | C12: 11250 | D12: 25680 | E12: 38790 | F12: =SUM(C12:E12) -> 75720 | G12: =AVERAGE(C12:F12) -> 37860 | H12: =F12/$F$20 -> 0.084822469 | I12: =IF(F12>=100000,"Objectif atteint","Objectif non atteint") -> Objectif non atteint | J12: =IF(F12<=100000,F12*0.5%,F12*1%) -> 378.6
A13: Blouin Nathalie | B13: ANGERS | C13: 13587 | D13: 8700 | E13: 62130 | F13: =SUM(C13:E13) -> 84417 | G13: =AVERAGE(C13:F13) -> 42208.5 | H13: =F13/$F$20 -> 0.094564954 | I13: =IF(F13>=100000,"Objectif atteint","Objectif non atteint") -> Objectif non atteint | J13: =IF(F13<=100000,F13*0.5%,F13*1%) -> 422.085
A14: Toussin Paul | B14: ANGERS | C14: 11 | D14: 35680 | E14: 48700 | F14: =SUM(C14:E14) -> 84391 | G14: =AVERAGE(C14:F14) -> 42195.5 | H14: =F14/$F$20 -> 0.094535829 | I14: =IF(F14>=100000,"Objectif atteint","Objectif non atteint") -> Objectif non atteint | J14: =IF(F14<=100000,F14*0.5%,F14*1%) -> 421.955
A15: Le Parc Jean | B15: NANTES | C15: 8360 | D15: 12850 | E15: 14960 | F15: =SUM(C15:E15) -> 36170 | G15: =AVERAGE(C15:F15) -> 18085 | H15: =F15/$F$20 -> 0.040518076 | I15: =IF(F15>=100000,"Objectif atteint","Objectif non atteint") -> Objectif non atteint | J15: =IF(F15<=100000,F15*0.5%,F15*1%) -> 180.85
A16: Pilat Lionel | B16: RENNES | C16: 13540 | D16: 17590 | E16: 35900 | F16: =SUM(C16:E16) -> 67030 | G16: =AVERAGE(C16:F16) -> 33515 | H16: =F16/$F$20 -> 0.075087825 | I16: =IF(F16>=100000,"Objectif atteint","Objectif non atteint") -> Objectif non atteint | J16: =IF(F16<=100000,F16*0.5%,F16*1%) -> 335.15
A17: Pierre Lucat | B17: RENNES | C17: 11000 | D17: 18970 | E17: 42150 | F17: =SUM(C17:E17) -> 72120 | G17: =AVERAGE(C17:F17) -> 36060 | H17: =F17/$F$20 -> 0.080789705 | I17: =IF(F17>=100000,"Objectif atteint","Objectif non atteint") -> Objectif non atteint | J17: =IF(F17<=100000,F17*0.5%,F17*1%) -> 360.6
A18: Christine Mandart | B18: ANGERS | C18: 15800 | D18: 38120 | E18: 39560 | F18: =SUM(C18:E18) -> 93480 | G18: =AVERAGE(C18:F18) -> 46740 | H18: =F18/$F$20 -> 0.10471744 | I18: =IF(F18>=100000,"Objectif atteint","Objectif non atteint") -> Objectif non atteint | J18: =IF(F18<=100000,F18*0.5%,F18*1%) -> 467.4
A19: Lucie Gendron | B19: NANTES | C19: 12000 | D19: 24790 | E19: 62300 | F19: =SUM(C19:E19) -> 99090 | G19: =AVERAGE(C19:F19) -> 49545 | H19: =F19/$F$20 -> 0.11100183 | I19: =IF(F19>=100000,"Objectif atteint","Objectif non atteint") -> Objectif non atteint | J19: =IF(F19<=100000,F19*0.5%,F19*1%) -> 495.45
A20: TOTAL | C20: =SUM(C8:C19) -> 125048 | D20: =SUM(D8:D19) -> 265880 | E20: =SUM(E8:E19) -> 501760 | F20: =SUM(F8:F19) -> 892688 | G20: =AVERAGE(C20:F20) -> 446344 | H20: =F20/$F$20 -> 1 | J20: =SUM(J8:J19) -> 5029.59
H22: Objectif atteint : | I22: =COUNTIF(I8:I19,"Objectif atteint") -> 1
A23: Tableau réalisé le : | C23: 40943 | H23: Objectif non atteint : | I23: =COUNTIF(I8:I19,"Objectif non atteint") -> 11

Sheet Février
A1: CHIFFRE D'AFFAIRES RÉALISÉ RÉGION OUEST
A4: FÉVRIER 2012
B7: Ville | C7: Hi-fi | D7: Vidéo | E7: Micro | F7: TOTAL | G7: Moyenne du CA | H7: Répartition du CA | I7: Objectif | J7: Commission
A8: Beaudu Sophie | B8: NANTES | C8: 12560 | D8: 26530 | E8: 32500 | F8: =SUM(C8:E8) -> 71590 | G8: =AVERAGE(C8:F8) -> 35795 | H8: =F8/$F$20 -> 0.062346507 | I8: =IF(F8>=100000,"Objectif atteint","Objectif non atteint") -> Objectif non atteint | J8: =IF(F8<=100000,F8*0.5%,F8*1%) -> 357.95
A9: Dupré Dominique | B9: ANGERS | C9: 9800 | D9: 10250 | E9: 18350 | F9: =SUM(C9:E9) -> 38400 | G9: =AVERAGE(C9:F9) -> 19200 | H9: =F9/$F$20 -> 0.033441903 | I9: =IF(F9>=100000,"Objectif atteint","Objectif non atteint") -> Objectif non atteint | J9: =IF(F9<=100000,F9*0.5%,F9*1%) -> 192
A10: Guy Corinne | B10: RENNES | C10: 10000 | D10: 9000 | E10: 71200 | F10: =SUM(C10:E10) -> 90200 | G10: =AVERAGE(C10:F10) -> 45100 | H10: =F10/$F$20 -> 0.078553638 | I10: =IF(F10>=100000,"Objectif atteint","Objectif non atteint") -> Objectif non atteint | J10: =IF(F10<=100000,F10*0.5%,F10*1%) -> 451
A11: Martinet Antoine | B11: NANTES | C11: 15480 | D11: 51230 | E11: 68900 | F11: =SUM(C11:E11) -> 135610 | G11: =AVERAGE(C11:F11) -> 67805 | H11: =F11/$F$20 -> 0.11810043 | I11: =IF(F11>=100000,"Objectif atteint","Objectif non atteint") -> Objectif atteint | J11: =IF(F11<=100000,F11*0.5%,F11*1%) -> 1356.1
A12: Huchet Nicolas | B12: NANTES | C12: 19800 | D12: 38940 | E12: 48560 | F12: =SUM(C12:E12) -> 107300 | G12: =AVERAGE(C12:F12) -> 53650 | H12: =F12/$F$20 -> 0.093445735 | I12: =IF(F12>=100000,"Objectif atteint","Objectif non atteint") -> Objectif atteint | J12: =IF(F12<=100000,F12*0.5%,F12*1%) -> 1073
A13: Blouin Nathalie | B13: ANGERS | C13: 14860 | D13: 16870 | E13: 75300 | F13: =SUM(C13:E13) -> 107030 | G13: =AVERAGE(C13:F13) -> 53515 | H13: =F13/$F$20 -> 0.093210597 | I13: =IF(F13>=100000,"Objectif atteint","Objectif non atteint") -> Objectif atteint | J13: =IF(F13<=100000,F13*0.5%,F13*1%) -> 1070.3
A14: Toussin Paul | B14: ANGERS | C14: 10300 | D14: 51790 | E14: 52000 | F14: =SUM(C14:E14) -> 114090 | G14: =AVERAGE(C14:F14) -> 57045 | H14: =F14/$F$20 -> 0.09935903 | I14: =IF(F14>=100000,"Objectif atteint","Objectif non atteint") -> Objectif atteint | J14: =IF(F14<=100000,F14*0.5%,F14*1%) -> 1140.9
A15: Le Parc Jean | B15: NANTES | C15: 7500 | D15: 12650 | E15: 26870 | F15: =SUM(C15:E15) -> 47020 | G15: =AVERAGE(C15:F15) -> 23510 | H15: =F15/$F$20 -> 0.040948914 | I15: =IF(F15>=100000,"Objectif atteint","Objectif non atteint") -> Objectif non atteint | J15: =IF(F15<=100000,F15*0.5%,F15*1%) -> 235.1
A16: Pilat Lionel | B16: RENNES | C16: 14890 | D16: 19800 | E16: 49870 | F16: =SUM(C16:E16) -> 84560 | G16: =AVERAGE(C16:F16) -> 42280 | H16: =F16/$F$20 -> 0.073641858 | I16: =IF(F16>=100000,"Objectif atteint","Objectif non atteint") -> Objectif non atteint | J16: =IF(F16<=100000,F16*0.5%,F16*1%) -> 422.8
A17: Pierre Lucat | B17: RENNES | C17: 22230 | D17: 28000 | E17: 45000 | F17: =SUM(C17:E17) -> 95230 | G17: =AVERAGE(C17:F17) -> 47615 | H17: =F17/$F$20 -> 0.082934179 | I17: =IF(F17>=100000,"Objectif atteint","Objectif non atteint") -> Objectif non atteint | J17: =IF(F17<=100000,F17*0.5%,F17*1%) -> 476.15
A18: Christine Mandart | B18: ANGERS | C18: 26890 | D18: 36890 | E18: 77900 | F18: =SUM(C18:E18) -> 141680 | G18: =AVERAGE(C18:F18) -> 70840 | H18: =F18/$F$20 -> 0.12338669 | I18: =IF(F18>=100000,"Objectif atteint","Objectif non atteint") -> Objectif atteint | J18: =IF(F18<=100000,F18*0.5%,F18*1%) -> 1416.8
A19: Lucie Gendron | B19: NANTES | C19: 15000 | D19: 20300 | E19: 80250 | F19: =SUM(C19:E19) -> 115550 | G19: =AVERAGE(C19:F19) -> 57775 | H19: =F19/$F$20 -> 0.10063052 | I19: =IF(F19>=100000,"Objectif atteint","Objectif non atteint") -> Objectif atteint | J19: =IF(F19<=100000,F19*0.5%,F19*1%) -> 1155.5
A20: TOTAL | C20: =SUM(C8:C19) -> 179310 | D20: =SUM(D8:D19) -> 322250 | E20: =SUM(E8:E19) -> 646700 | F20: =SUM(F8:F19) -> 1148260 | G20: =AVERAGE(C20:F20) -> 574130 | H20: =F20/$F$20 -> 1 | J20: =SUM(J8:J19) -> 9347.6
H22: Objectif atteint : | I22: =COUNTIF(I8:I19,"Objectif atteint") -> 6
A23: Tableau réalisé le : | C23: 40971 | H23: Objectif non atteint : | I23: =COUNTIF(I8:I19,"Objectif non atteint") -> 6

Sheet Mars
A1: CHIFFRE D'AFFAIRES RÉALISÉ RÉGION OUEST
A4: MARS 2012
B7: Ville | C7: Hi-fi | D7: Vidéo | E7: Micro | F7: TOTAL | G7: Moyenne du CA | H7: Répartition du CA | I7: Objectif | J7: Commission
A8: Beaudu Sophie | B8: NANTES | C8: 10000 | D8: 25000 | E8: 50000 | F8: =SUM(C8:E8) -> 85000 | G8: =AVERAGE(C8:F8) -> 42500 | H8: =F8/$F$20 -> 0.074411275 | I8: =IF(F8>=100000,"Objectif atteint","Objectif non atteint") -> Objectif non atteint | J8: =IF(F8<=100000,F8*0.5%,F8*2.5%) -> 425
A9: Dupré Dominique | B9: ANGERS | C9: 12000 | D9: 9800 | E9: 42500 | F9: =SUM(C9:E9) -> 64300 | G9: =AVERAGE(C9:F9) -> 32150 | H9: =F9/$F$20 -> 0.056289941 | I9: =IF(F9>=100000,"Objectif atteint","Objectif non atteint") -> Objectif non atteint | J9: =IF(F9<=100000,F9*0.5%,F9*2.5%) -> 321.5
A10: Guy Corinne | B10: RENNES | C10: 10000 | D10: 10000 | E10: 65000 | F10: =SUM(C10:E10) -> 85000 | G10: =AVERAGE(C10:F10) -> 42500 | H10: =F10/$F$20 -> 0.074411275 | I10: =IF(F10>=100000,"Objectif atteint","Objectif non atteint") -> Objectif non atteint | J10: =IF(F10<=100000,F10*0.5%,F10*2.5%) -> 425
A11: Martinet Antoine | B11: NANTES | C11: 12000 | D11: 50000 | E11: 70000 | F11: =SUM(C11:E11) -> 132000 | G11: =AVERAGE(C11:F11) -> 66000 | H11: =F11/$F$20 -> 0.11555633 | I11: =IF(F11>=100000,"Objectif atteint","Objectif non atteint") -> Objectif atteint | J11: =IF(F11<=100000,F11*0.5%,F11*2.5%) -> 3300
A12: Huchet Nicolas | B12: NANTES | C12: 20000 | D12: 40000 | E12: 45000 | F12: =SUM(C12:E12) -> 105000 | G12: =AVERAGE(C12:F12) -> 52500 | H12: =F12/$F$20 -> 0.091919811 | I12: =IF(F12>=100000,"Objectif atteint","Objectif non atteint") -> Objectif atteint | J12: =IF(F12<=100000,F12*0.5%,F12*2.5%) -> 2625
A13: Blouin Nathalie | B13: ANGERS | C13: 15000 | D13: 15000 | E13: 70000 | F13: =SUM(C13:E13) -> 100000 | G13: =AVERAGE(C13:F13) -> 50000 | H13: =F13/$F$20 -> 0.087542677 | I13: =IF(F13>=100000,"Objectif atteint","Objectif non atteint") -> Objectif atteint | J13: =IF(F13<=100000,F13*0.5%,F13*2.5%) -> 500
A14: Toussin Paul | B14: ANGERS | C14: 10000 | D14: 50000 | E14: 50000 | F14: =SUM(C14:E14) -> 110000 | G14: =AVERAGE(C14:F14) -> 55000 | H14: =F14/$F$20 -> 0.096296945 | I14: =IF(F14>=100000,"Objectif atteint","Objectif non atteint") -> Objectif atteint | J14: =IF(F14<=100000,F14*0.5%,F14*2.5%) -> 2750
A15: Le Parc Jean | B15: NANTES | C15: 8000 | D15: 15000 | E15: 20000 | F15: =SUM(C15:E15) -> 43000 | G15: =AVERAGE(C15:F15) -> 21500 | H15: =F15/$F$20 -> 0.037643351 | I15: =IF(F15>=100000,"Objectif atteint","Objectif non atteint") -> Objectif non atteint | J15: =IF(F15<=100000,F15*0.5%,F15*2.5%) -> 215
A16: Pilat Lionel | B16: RENNES | C16: 15000 | D16: 20000 | E16: 50000 | F16: =SUM(C16:E16) -> 85000 | G16: =AVERAGE(C16:F16) -> 42500 | H16: =F16/$F$20 -> 0.074411275 | I16: =IF(F16>=100000,"Objectif atteint","Objectif non atteint") -> Objectif non atteint | J16: =IF(F16<=100000,F16*0.5%,F16*2.5%) -> 425
A17: Pierre Lucat | B17: RENNES | C17: 20000 | D17: 30000 | E17: 45000 | F17: =SUM(C17:E17) -> 95000 | G17: =AVERAGE(C17:F17) -> 47500 | H17: =F17/$F$20 -> 0.083165543 | I17: =IF(F17>=100000,"Objectif atteint","Objectif non atteint") -> Objectif non atteint | J17: =IF(F17<=100000,F17*0.5%,F17*2.5%) -> 475
A18: Christine Mandart | B18: ANGERS | C18: 25000 | D18: 35000 | E18: 42000 | F18: =SUM(C18:E18) -> 102000 | G18: =AVERAGE(C18:F18) -> 51000 | H18: =F18/$F$20 -> 0.089293531 | I18: =IF(F18>=100000,"Objectif atteint","Objectif non atteint") -> Objectif atteint | J18: =IF(F18<=100000,F18*0.5%,F18*2.5%) -> 2550
A19: Lucie Gendron | B19: NANTES | C19: 16000 | D19: 40000 | E19: 80000 | F19: =SUM(C19:E19) -> 136000 | G19: =AVERAGE(C19:F19) -> 68000 | H19: =F19/$F$20 -> 0.11905804 | I19: =IF(F19>=100000,"Objectif atteint","Objectif non atteint") -> Objectif atteint | J19: =IF(F19<=100000,F19*0.5%,F19*2.5%) -> 3400
A20: TOTAL | C20: =SUM(C8:C19) -> 173000 | D20: =SUM(D8:D19) -> 339800 | E20: =SUM(E8:E19) -> 629500 | F20: =SUM(F8:F19) -> 1142300 | G20: =AVERAGE(C20:F20) -> 571150 | H20: =F20/$F$20 -> 1 | J20: =SUM(J8:J19) -> 17411.5
H22: Objectif atteint : | I22: =COUNTIF(I8:I19,"Objectif atteint") -> 6
A23: Tableau réalisé le : | C23: 41002 | H23: Objectif non atteint : | I23: =COUNTIF(I8:I19,"Objectif non atteint") -> 6
A25: Moyenne des CA | B25: =AVERAGE(F8:F19) -> 95191.667
A26: CA maximum | B26: =MAX(F8:F19) -> 136000
A27: CA minimum | B27: =MIN(F8,F10:F19) -> 43000
A29: Nbre vendeurs Nantes CA >= 100000 | C29: =COUNTIFS(B8:B19,"NANTES",F8:F19,">=100000") -> 3
A30: CA moyen des vendeurs d'Angers | C30: =AVERAGEIFS(F8:F19,B8:B19,"ANGERS",F8:F19,"<>0") -> 94075
A31: Somme CA Nantes + objetctif atteint + commistion > à 1300 | E31: =SUMIFS(F8:F19,B8:B19,"NANTES",I8:I19,"Objectif atteint",J8:J19,">1300") -> 373000

Sheet Trim1
A1: CHIFFRE D'AFFAIRES RÉALISÉ RÉGION OUEST
A4: TRIMESTRE 1
B7: Ville | C7: Hi-fi | D7: Vidéo | E7: Micro | F7: TOTAL
A8: Beaudu Sophie | B8: NANTES | C8: =Janvier!C8+Février!C8+Mars!C8 -> 30060 | D8: =Janvier!D8+Février!D8+Mars!D8 -> 69930 | E8: =Janvier!E8+Février!E8+Mars!E8 -> 123760 | F8: =SUM(C8:E8) -> 223750
A9: Dupré Dominique | B9: ANGERS | C9: =Janvier!C9+Février!C9+Mars!C9 -> 29800 | D9: =Janvier!D9+Février!D9+Mars!D9 -> 30350 | E9: =Janvier!E9+Février!E9+Mars!E9 -> 73740 | F9: =SUM(C9:E9) -> 133890
A10: Guy Corinne | B10: RENNES | C10: =Janvier!C10+Février!C10+Mars!C10 -> 32000 | D10: =Janvier!D10+Février!D10+Mars!D10 -> 28800 | E10: =Janvier!E10+Février!E10+Mars!E10 -> 183090 | F10: =SUM(C10:E10) -> 243890
A11: Martinet Antoine | B11: NANTES | C11: =Janvier!C11+Février!C11+Mars!C11 -> 39480 | D11: =Janvier!D11+Février!D11+Mars!D11 -> 146230 | E11: =Janvier!E11+Février!E11+Mars!E11 -> 195130 | F11: =SUM(C11:E11) -> 380840
A12: Huchet Nicolas | B12: NANTES | C12: =Janvier!C12+Février!C12+Mars!C12 -> 51050 | D12: =Janvier!D12+Février!D12+Mars!D12 -> 104620 | E12: =Janvier!E12+Février!E12+Mars!E12 -> 132350 | F12: =SUM(C12:E12) -> 288020
A13: Blouin Nathalie | B13: ANGERS | C13: =Janvier!C13+Février!C13+Mars!C13 -> 43447 | D13: =Janvier!D13+Février!D13+Mars!D13 -> 40570 | E13: =Janvier!E13+Février!E13+Mars!E13 -> 207430 | F13: =SUM(C13:E13) -> 291447
A14: Toussin Paul | B14: ANGERS | C14: =Janvier!C14+Février!C14+Mars!C14 -> 20311 | D14: =Janvier!D14+Février!D14+Mars!D14 -> 137470 | E14: =Janvier!E14+Février!E14+Mars!E14 -> 150700 | F14: =SUM(C14:E14) -> 308481
A15: Le Parc Jean | B15: NANTES | C15: =Janvier!C15+Février!C15+Mars!C15 -> 23860 | D15: =Janvier!D15+Février!D15+Mars!D15 -> 40500 | E15: =Janvier!E15+Février!E15+Mars!E15 -> 61830 | F15: =SUM(C15:E15) -> 126190
A16: Pilat Lionel | B16: RENNES | C16: =Janvier!C16+Février!C16+Mars!C16 -> 43430 | D16: =Janvier!D16+Février!D16+Mars!D16 -> 57390 | E16: =Janvier!E16+Février!E16+Mars!E16 -> 135770 | F16: =SUM(C16:E16) -> 236590
A17: Pierre Lucat | B17: RENNES | C17: =Janvier!C17+Février!C17+Mars!C17 -> 53230 | D17: =Janvier!D17+Février!D17+Mars!D17 -> 76970 | E17: =Janvier!E17+Février!E17+Mars!E17 -> 132150 | F17: =SUM(C17:E17) -> 262350
A18: Christine Mandart | B18: ANGERS | C18: =Janvier!C18+Février!C18+Mars!C18 -> 67690 | D18: =Janvier!D18+Février!D18+Mars!D18 -> 110010 | E18: =Janvier!E18+Février!E18+Mars!E18 -> 159460 | F18: =SUM(C18:E18) -> 337160
A19: Lucie Gendron | B19: NANTES | C19: =Janvier!C19+Février!C19+Mars!C19 -> 43000 | D19: =Janvier!D19+Février!D19+Mars!D19 -> 85090 | E19: =Janvier!E19+Février!E19+Mars!E19 -> 222550 | F19: =SUM(C19:E19) -> 350640
A20: TOTAL | C20: =SUM(C8:C19) -> 477358 | D20: =SUM(D8:D19) -> 927930 | E20: =SUM(E8:E19) -> 1777960 | F20: =SUM(F8:F19) -> 3183248
A23: Nombre de vendeurs | C23: =COUNT(F8:F19) -> 12
A25: Tableau réalisé le : | C25: 41063

Sheet Feuil1
