Workbook

Sheet Janvier
A1: CHIFFRE D'AFFAIRES RÉGION OUEST
A4: JANVIER 2012
B7: Ville | C7: Hi-fi | D7: Vidéo | E7: Micro | F7: TOTAL | G7: Moyenne du CA | H7: Répartition du CA | I7: Objectif | J7: Commission
A8: Beaudu Sophie | B8: NANTES | C8: 7500 | D8: 18400 | E8: 41260 | F8: =SUM(C8:E8) -> 67160 | G8: =AVERAGE(C8:F8) -> 33580 | H8: =F8/$F$20 -> 0.075233452
A9: Dupré Dominique | B9: ANGERS | C9: 8000 | D9: 10300 | E9: 12890 | F9: =SUM(C9:E9) -> 31190 | G9: =AVERAGE(C9:F9) -> 15595 | H9: =F9/$F$20 -> 0.034939419
A10: Guy Corinne | B10: RENNES | C10: 12000 | D10: 9800 | E10: 46890 | F10: =SUM(C10:E10) -> 68690 | G10: =AVERAGE(C10:F10) -> 34345 | H10: =F10/$F$20 -> 0.076947377
A11: Martinet Antoine | B11: NANTES | C11: 12000 | D11: 45000 | E11: 56230 | F11: =SUM(C11:E11) -> 113230 | G11: =AVERAGE(C11:F11) -> 56615 | H11: =F11/$F$20 -> 0.12684163
A12: Huchet Nicolas | B12: NANTES | C12: 11250 | D12: 25680 | E12: 38790 | F12: =SUM(C12:E12) -> 75720 | G12: =AVERAGE(C12:F12) -> 37860 | H12: =F12/$F$20 -> 0.084822469
A13: Blouin Nathalie | B13: ANGERS | C13: 13587 | D13: 8700 | E13: 62130 | F13: =SUM(C13:E13) -> 84417 | G13: =AVERAGE(C13:F13) -> 42208.5 | H13: =F13/$F$20 -> 0.094564954
A14: Toussin Paul | B14: ANGERS | C14: 11 | D14: 35680 | E14: 48700 | F14: =SUM(C14:E14) -> 84391 | G14: =AVERAGE(C14:F14) -> 42195.5 | H14: =F14/$F$20 -> 0.094535829
A15: Le Parc Jean | B15: NANTES | C15: 8360 | D15: 12850 | E15: 14960 | F15: =SUM(C15:E15) -> 36170 | G15: =AVERAGE(C15:F15) -> 18085 | H15: =F15/$F$20 -> 0.040518076
A16: Pilat Lionel | B16: RENNES | C16: 13540 | D16: 17590 | E16: 35900 | F16: =SUM(C16:E16) -> 67030 | G16: =AVERAGE(C16:F16) -> 33515 | H16: =F16/$F$20 -> 0.075087825
A17: Pierre Lucat | B17: RENNES | C17: 11000 | D17: 18970 | E17: 42150 | F17: =SUM(C17:E17) -> 72120 | G17: =AVERAGE(C17:F17) -> 36060 | H17: =F17/$F$20 -> 0.080789705
A18: Christine Mandart | B18: ANGERS | C18: 15800 | D18: 38120 | E18: 39560 | F18: =SUM(C18:E18) -> 93480 | G18: =AVERAGE(C18:F18) -> 46740 | H18: =F18/$F$20 -> 0.10471744
A19: Lucie Gendron | B19: NANTES | C19: 12000 | D19: 24790 | E19: 62300 | F19: =SUM(C19:E19) -> 99090 | G19: =AVERAGE(C19:F19) -> 49545 | H19: =F19/$F$20 -> 0.11100183
A20: TOTAL | C20: =SUM(C8:C19) -> 125048 | D20: =SUM(D8:D19) -> 265880 | E20: =SUM(E8:E19) -> 501760 | F20: =SUM(F8:F19) -> 892688 | G20: =AVERAGE(C20:F20) -> 446344 | H20: =F20/$F$20 -> 1 | J20: =SUM(J8:J19) -> 0
H22: Objectif atteint :
A23: Tableau réalisé le : | C23: 40943 | H23: Objectif non atteint :

Sheet Février
A1: CHIFFRE D'AFFAIRES RÉALISÉ RÉGION OUEST
A4: FÉVRIER 2012
B7: Ville | C7: Hi-fi | D7: Vidéo | E7: Micro | F7: TOTAL | G7: Moyenne du CA | H7: Répartition du CA | I7: Objectif | J7: Commission
A8: Beaudu Sophie | B8: NANTES | C8: 12560 | D8: 26530 | E8: 32500 | F8: =SUM(C8:E8) -> 71590 | G8: =AVERAGE(C8:F8) -> 35795 | H8: =F8/$F$20 -> 0.062346507
A9: Dupré Dominique | B9: ANGERS | C9: 9800 | D9: 10250 | E9: 18350 | F9: =SUM(C9:E9) -> 38400 | G9: =AVERAGE(C9:F9) -> 19200 | H9: =F9/$F$20 -> 0.033441903
A10: Guy Corinne | B10: RENNES | C10: 10000 | D10: 9000 | E10: 71200 | F10: =SUM(C10:E10) -> 90200 | G10: =AVERAGE(C10:F10) -> 45100 | H10: =F10/$F$20 -> 0.078553638
A11: Martinet Antoine | B11: NANTES | C11: 15480 | D11: 51230 | E11: 68900 | F11: =SUM(C11:E11) -> 135610 | G11: =AVERAGE(C11:F11) -> 67805 | H11: =F11/$F$20 -> 0.11810043
A12: Huchet Nicolas | B12: NANTES | C12: 19800 | D12: 38940 | E12: 48560 | F12: =SUM(C12:E12) -> 107300 | G12: =AVERAGE(C12:F12) -> 53650 | H12: =F12/$F$20 -> 0.093445735
A13: Blouin Nathalie | B13: ANGERS | C13: 14860 | D13: 16870 | E13: 75300 | F13: =SUM(C13:E13) -> 107030 | G13: =AVERAGE(C13:F13) -> 53515 | H13: =F13/$F$20 -> 0.093210597
A14: Toussin Paul | B14: ANGERS | C14: 10300 | D14: 51790 | E14: 52000 | F14: =SUM(C14:E14) -> 114090 | G14: =AVERAGE(C14:F14) -> 57045 | H14: =F14/$F$20 -> 0.09935903
A15: Le Parc Jean | B15: NANTES | C15: 7500 | D15: 12650 | E15: 26870 | F15: =SUM(C15:E15) -> 47020 | G15: =AVERAGE(C15:F15) -> 23510 | H15: =F15/$F$20 -> 0.040948914
A16: Pilat Lionel | B16: RENNES | C16: 14890 | D16: 19800 | E16: 49870 | F16: =SUM(C16:E16) -> 84560 | G16: =AVERAGE(C16:F16) -> 42280 | H16: =F16/$F$20 -> 0.073641858
A17: Pierre Lucat | B17: RENNES | C17: 22230 | D17: 28000 | E17: 45000 | F17: =SUM(C17:E17) -> 95230 | G17: =AVERAGE(C17:F17) -> 47615 | H17: =F17/$F$20 -> 0.082934179
A18: Christine Mandart | B18: ANGERS | C18: 26890 | D18: 36890 | E18: 77900 | F18: =SUM(C18:E18) -> 141680 | G18: =AVERAGE(C18:F18) -> 70840 | H18: =F18/$F$20 -> 0.12338669
A19: Lucie Gendron | B19: NANTES | C19: 15000 | D19: 20300 | E19: 80250 | F19: =SUM(C19:E19) -> 115550 | G19: =AVERAGE(C19:F19) -> 57775 | H19: =F19/$F$20 -> 0.10063052
A20: TOTAL | C20: =SUM(C8:C19) -> 179310 | D20: =SUM(D8:D19) -> 322250 | E20: =SUM(E8:E19) -> 646700 | F20: =SUM(F8:F19) -> 1148260 | G20: =AVERAGE(C20:F20) -> 574130 | H20: =F20/$F$20 -> 1
H22: Objectif atteint :
A23: Tableau réalisé le : | C23: 40971 | H23: Objectif non atteint :

Sheet Mars
A1: CHIFFRE D'AFFAIRES RÉALISÉ RÉGION OUEST
A4: MARS 2012
B7: Ville | C7: Hi-fi | D7: Vidéo | E7: Micro | F7: TOTAL | G7: Moyenne du CA | H7: Répartition du CA | I7: Objectif | J7: Commission
A8: Beaudu Sophie | B8: NANTES | C8: 10000 | D8: 25000 | E8: 50000 | F8: =SUM(C8:E8) -> 85000 | G8: =AVERAGE(C8:F8) -> 42500 | H8: =F8/$F$20 -> 0.078849722 | I8: =IF(F8>=100000,"Objectif atteint","Objectif non atteint") -> Objectif non atteint
A9: Dupré Dominique | B9: ANGERS | C9: 0 | D9: 0 | E9: 0 | F9: =SUM(C9:E9) -> 0 | G9: =AVERAGE(C9:F9) -> 0 | H9: =F9/$F$20 -> 0 | I9: =IF(F9>=100000,"Objectif atteint","Objectif non atteint") -> Objectif non atteint
A10: Guy Corinne | B10: RENNES | C10: 10000 | D10: 10000 | E10: 65000 | F10: =SUM(C10:E10) -> 85000 | G10: =AVERAGE(C10:F10) -> 42500 | H10: =F10/$F$20 -> 0.078849722 | I10: =IF(F10>=100000,"Objectif atteint","Objectif non atteint") -> Objectif non atteint
A11: Martinet Antoine | B11: NANTES | C11: 12000 | D11: 50000 | E11: 70000 | F11: =SUM(C11:E11) -> 132000 | G11: =AVERAGE(C11:F11) -> 66000 | H11: =F11/$F$20 -> 0.12244898 | I11: =IF(F11>=100000,"Objectif atteint","Objectif non atteint") -> Objectif atteint
A12: Huchet Nicolas | B12: NANTES | C12: 20000 | D12: 40000 | E12: 45000 | F12: =SUM(C12:E12) -> 105000 | G12: =AVERAGE(C12:F12) -> 52500 | H12: =F12/$F$20 -> 0.097402597 | I12: =IF(F12>=100000,"Objectif atteint","Objectif non atteint") -> Objectif atteint
A13: Blouin Nathalie | B13: ANGERS | C13: 15000 | D13: 15000 | E13: 70000 | F13: =SUM(C13:E13) -> 100000 | G13: =AVERAGE(C13:F13) -> 50000 | H13: =F13/$F$20 -> 0.092764378 | I13: =IF(F13>=100000,"Objectif atteint","Objectif non atteint") -> Objectif atteint
A14: Toussin Paul | B14: ANGERS | C14: 10000 | D14: 50000 | E14: 50000 | F14: =SUM(C14:E14) -> 110000 | G14: =AVERAGE(C14:F14) -> 55000 | H14: =F14/$F$20 -> 0.10204082 | I14: =IF(F14>=100000,"Objectif atteint","Objectif non atteint") -> Objectif atteint
A15: Le Parc Jean | B15: NANTES | C15: 8000 | D15: 15000 | E15: 20000 | F15: =SUM(C15:E15) -> 43000 | G15: =AVERAGE(C15:F15) -> 21500 | H15: =F15/$F$20 -> 0.039888683 | I15: =IF(F15>=100000,"Objectif atteint","Objectif non atteint") -> Objectif non atteint
A16: Pilat Lionel | B16: RENNES | C16: 15000 | D16: 20000 | E16: 50000 | F16: =SUM(C16:E16) -> 85000 | G16: =AVERAGE(C16:F16) -> 42500 | H16: =F16/$F$20 -> 0.078849722 | I16: =IF(F16>=100000,"Objectif atteint","Objectif non atteint") -> Objectif non atteint
A17: Pierre Lucat | B17: RENNES | C17: 20000 | D17: 30000 | E17: 45000 | F17: =SUM(C17:E17) -> 95000 | G17: =AVERAGE(C17:F17) -> 47500 | H17: =F17/$F$20 -> 0.08812616 | I17: =IF(F17>=100000,"Objectif atteint","Objectif non atteint") -> Objectif non atteint
A18: Christine Mandart | B18: ANGERS | C18: 25000 | D18: 35000 | E18: 42000 | F18: =SUM(C18:E18) -> 102000 | G18: =AVERAGE(C18:F18) -> 51000 | H18: =F18/$F$20 -> 0.094619666 | I18: =IF(F18>=100000,"Objectif atteint","Objectif non atteint") -> Objectif atteint
A19: Lucie Gendron | B19: NANTES | C19: 16000 | D19: 40000 | E19: 80000 | F19: =SUM(C19:E19) -> 136000 | G19: =AVERAGE(C19:F19) -> 68000 | H19: =F19/$F$20 -> 0.12615955 | I19: =IF(F19>=100000,"Objectif atteint","Objectif non atteint") -> Objectif atteint
A20: TOTAL | C20: =SUM(C8:C19) -> 161000 | D20: =SUM(D8:D19) -> 330000 | E20: =SUM(E8:E19) -> 587000 | F20: =SUM(F8:F19) -> 1078000 | G20: =AVERAGE(C20:F20) -> 539000 | H20: =F20/$F$20 -> 1 | J20: =SUM(J8:J19) -> 0
H22: Objectif atteint :
A23: Tableau réalisé le : | C23: 41002 | H23: Objectif non atteint :
A25: Moyenne des CA
A26: CA maximum pour NANTES
A27: CA minimum pour RENNES
A29: Nbre vendeurs Nantes CA >= 100000
A30: CA moyen des vendeurs d'Angers
A31: Somme CA Nantes + objetctif atteint + commistion > à 1300

Sheet Trim1
A1: CHIFFRE D'AFFAIRES RÉALISÉ RÉGION OUEST
A4: TRIMESTRE 1
B7: Ville | C7: Hi-fi | D7: Vidéo | E7: Micro | F7: TOTAL
A8: Beaudu Sophie | B8: NANTES | C8: =Janvier!C8+Février!C8+Mars!C8 -> 30060 | D8: =Janvier!D8+Février!D8+Mars!D8 -> 69930
A9: Dupré Dominique | B9: ANGERS | C9: =Janvier!C9+Février!C9+Mars!C9 -> 17800 | D9: =Janvier!D9+Février!D9+Mars!D9 -> 20550
A10: Guy Corinne | B10: RENNES | C10: =Janvier!C10+Février!C10+Mars!C10 -> 32000 | D10: =Janvier!D10+Février!D10+Mars!D10 -> 28800
A11: Martinet Antoine | B11: NANTES | C11: =Janvier!C11+Février!C11+Mars!C11 -> 39480 | D11: =Janvier!D11+Février!D11+Mars!D11 -> 146230
A12: Huchet Nicolas | B12: NANTES | C12: =Janvier!C12+Février!C12+Mars!C12 -> 51050 | D12: =Janvier!D12+Février!D12+Mars!D12 -> 104620
A13: Blouin Nathalie | B13: ANGERS | C13: =Janvier!C13+Février!C13+Mars!C13 -> 43447 | D13: =Janvier!D13+Février!D13+Mars!D13 -> 40570
A14: Toussin Paul | B14: ANGERS | C14: =Janvier!C14+Février!C14+Mars!C14 -> 20311 | D14: =Janvier!D14+Février!D14+Mars!D14 -> 137470
A15: Le Parc Jean | B15: NANTES | C15: =Janvier!C15+Février!C15+Mars!C15 -> 23860 | D15: =Janvier!D15+Février!D15+Mars!D15 -> 40500
A16: Pilat Lionel | B16: RENNES | C16: =Janvier!C16+Février!C16+Mars!C16 -> 43430 | D16: =Janvier!D16+Février!D16+Mars!D16 -> 57390
A17: Pierre Lucat | B17: RENNES | C17: =Janvier!C17+Février!C17+Mars!C17 -> 53230 | D17: =Janvier!D17+Février!D17+Mars!D17 -> 76970
A18: Christine Mandart | B18: ANGERS | C18: =Janvier!C18+Février!C18+Mars!C18 -> 67690 | D18: =Janvier!D18+Février!D18+Mars!D18 -> 110010
A19: Lucie Gendron | B19: NANTES | C19: =Janvier!C19+Février!C19+Mars!C19 -> 43000 | D19: =Janvier!D19+Février!D19+Mars!D19 -> 85090
A20: TOTAL | C20: =SUM(C8:C19) -> 465358 | D20: =SUM(D8:D19) -> 918130 | E20: =SUM(E8:E19) -> 0 | F20: =SUM(F8:F19) -> 0
A22: Nombre de vendeurs
A25: Tableau réalisé le : | C25: 41063

Sheet Année 2007
A3: VILLES | B3: JANVIER | C3: FÉVRIER | D3: MARS
A4: NANTES | B4: 10450 | C4: 10025 | D4: 10270
A5: ANGERS | B5: 8525 | C5: 8610 | D5: 5530
A6: LE MANS | B6: 8745 | C6: 7580 | D6: 7795
A7: PARIS | B7: 15550 | C7: 16900 | D7: 12500
A8: BORDEAUX | B8: 9580 | C8: 8750 | D8: 9465
A9: TOTAL | B9: =SUM(B4:B8) -> 52850 | C9: =SUM(C4:C8) -> 51865 | D9: =SUM(D4:D8) -> 45560

Sheet Année 2008
A3: VILLES | B3: JANVIER | C3: FÉVRIER | D3: MARS
A4: PARIS | B4: 12855 | C4: 10950 | D4: 9825
A5: LE MANS | B5: 7450 | C5: 8145 | D5: 6867
A6: LILLE | B6: 14035 | C6: 18000 | D6: 16950
A7: ROUEN | B7: 6850 | C7: 9420 | D7: 8350
A9: TOTAL | B9: =SUM(B4:B8) -> 41190 | C9: =SUM(C4:C8) -> 46515 | D9: =SUM(D4:D8) -> 41992

Sheet Année 2009
A3: VILLES | B3: JANVIER | C3: FÉVRIER | D3: MARS
A4: BORDEAUX | B4: 11500 | C4: 9520 | D4: 10850
A5: TOULOUSE | B5: 18600 | C5: 14230 | D5: 16150
A6: LYON | B6: 22500 | C6: 21750 | D6: 19840
A9: TOTAL | B9: =SUM(B4:B8) -> 52600 | C9: =SUM(C4:C8) -> 45500 | D9: =SUM(D4:D8) -> 46840

Sheet Responsable
I1: Numéro employé R5
A2: Region | B2: Responsable | C2: Numéro employé | D2: Ventes annuelles total infusions (boîtes) | E2: Ventes annuelles total aromes (boîtes) | F2: Total des boîtes vendues
A3: R1 | B3: KOFFI YAO | C3: 340437 | D3: 430046 | E3: 2384 | F3: =D3+E3 -> 432430
A4: R2 | B4: YAPO SOPIE | C4: 340037 | D4: 234646 | E4: 4537 | F4: =D4+E4 -> 239183
A5: R3 | B5: BOKA SERGES | C5: 340504 | D5: 564646 | E5: 9808 | F5: =D5+E5 -> 574454
A6: R5 | B6: AHOU JEANNE | C6: 403545 | D6: 654646 | E6: 7600 | F6: =D6+E6 -> 662246
A7: R4 | B7: MONTON ERIC | C7: 201864 | D7: 129846 | E7: 34000 | F7: =D7+E7 -> 163846
A8: R6 | B8: TRA LOU ANGE | C8: 121549 | D8: 453646 | E8: 56490 | F8: =D8+E8 -> 510136
A20: Region | B20: R1 | C20: R2 | D20: R3 | E20: R5 | F20: R4 | G20: R6
A21: Responsable | B21: KOFFI YAO | C21: YAPO SOPIE | D21: BOKA SERGES | E21: AHOU JEANNE | F21: MONTON ERIC | G21: TRA LOU ANGE | I21: Numéro emlpoyé R5
A22: Numéro employé | B22: 340437 | C22: 340037 | D22: 340504 | E22: 403545 | F22: 201864 | G22: 121549
A23: Ventes annuelles total infusions (boîtes) | B23: 430046 | C23: 234646 | D23: 564646 | E23: 654646 | F23: 129846 | G23: 453646
A24: Ventes annuelles total aromes (boîtes) | B24: 2384 | C24: 4537 | D24: 9808 | E24: 7600 | F24: 34000 | G24: 56490
A25: Total des boîtes vendues | B25: =B23+B24 -> 432430 | C25: =C23+C24 -> 239183 | D25: =D23+D24 -> 574454 | E25: =E23+E24 -> 662246 | F25: =F23+F24 -> 163846 | G25: =G23+G24 -> 510136

Sheet Test
A1: Liste des candidats
A3: Numéro d'orde | B3: Nom | C3: Prénoms | D3: Matricule | E3: Nom et prénoms
A4: 10045 | B4: KONE | C4: FRANCK ALAIN
A5: 42508 | B5: YAPI | C5: SOPIE EMMAR
A6: 45920 | B6: YAO | C6: KONAN SERGES
A7: 35614 | B7: GUEDE | C7: ALBAN
A8: 45789 | B8: GUEU | C8: MARCEL
A9: 78958 | B9: YACCE | C9: ARNAUD
A10: 12578 | B10: SILUE | C10: KOLO

Sheet Test1
A5: Référence | B5: Article | C5: ID | D5: PAYS | E5: Numéro
A6: Q7T-8206-US | B6: Article 1
A7: B2Q-0912-FR | B7: Article 2
A8: W9-7123-US | B8: Article 3
A9: X3P-1922-CH | B9: Article 4
A10: Y6R-1360-BE | B10: Article 5
A11: Q7T-8206-US | B11: Article 6
A12: B2-0912-FR | B12: Article 7
A13: W9L-7123-US | B13: Article 8
A14: X3P-1922-CH | B14: Article 9
A15: Y6-1360-BE | B15: Article 10
A18: ID réprésente mles caractères à gauche du - dans la référence
A19: PAYS : les 2 caractères à droite dans la référence
A20: NUMERO : les 4 chiffres du milieu

Sheet Test2
A1: DELIBERATION D'EXAMEN
A5: PRENOM | B5: NOTE1 | C5: NOTE2 | D5: NOTE3 | E5: MOYENNE | F5: ETAT
A6: JEAN | B6: 4 | C6: 10 | D6: 12 | E6: =+AVERAGE(B6:D6) -> 8.6666667
A7: PAUL | B7: 16 | C7: 15 | D7: 11 | E7: =+AVERAGE(B7:D7) -> 14
A8: PIERRE | B8: 7 | C8: 10 | D8: 12 | E8: =+AVERAGE(B8:D8) -> 9.6666667 | H8: tableau 1
A9: ALICE | B9: 12 | C9: 16 | D9: 7 | E9: =+AVERAGE(B9:D9) -> 11.666667
A10: EMMAR | B10: 10 | C10: 14 | D10: 18 | E10: =+AVERAGE(B10:D10) -> 14
A12: Remplir la colonne ETAT du tableau1, si la moyenne est superieure ou égale à 11,5 et une note supérieure à 16 alors afficher VRAI sinon FAUX
A15: PRENOM | B15: NOTE1 | C15: NOTE2 | D15: NOTE3 | E15: MOYENNE | F15: ETAT
A16: JEAN | B16: 4 | C16: 10 | D16: 12 | E16: =+AVERAGE(B16:D16) -> 8.6666667
A17: PAUL | B17: 16 | C17: 15 | D17: 11 | E17: =+AVERAGE(B17:D17) -> 14 | H17: tableau 2
A18: PIERRE | B18: 7 | C18: 10 | D18: 12 | E18: =+AVERAGE(B18:D18) -> 9.6666667
A19: ALICE | B19: 12 | C19: 16 | D19: 7 | E19: =+AVERAGE(B19:D19) -> 11.666667
A20: EMMAR | B20: 10 | C20: 14 | D20: 18 | E20: =+AVERAGE(B20:D20) -> 14
A22: Remplir la colonne ETAT du tableau1, si la moyenne est superieure ou égale à 11,5 et une note supérieure à 16 alors afficher ADMIS sinon AJOURNE

Sheet 3 années
